{
  "type": "minecraft:entity",
  "pools": [
    {
      "rolls": 2,
      "entries": [
        {
          "type": "minecraft:item",
          "name": "minecraft:black_dye",
          "functions": [
            {
              "function": "minecraft:set_count",
              "count": {
                "type": "minecraft:uniform",
                "min": 0,
                "max": 2
              }
            },
            {
              "function": "minecraft:set_nbt",
              "tag": "{display:{Name:'[{\"text\":\"Bat Wing\",\"italic\":false}]',Lore:['[{\"text\":\"Has an aura of potential. Holds\",\"italic\":false,\"color\":\"gray\"}]','[{\"text\":\"faint power of an ancient evil.\",\"italic\":false,\"color\":\"gray\"}]']}}"
            }
          ],
          "conditions": [
            {
              "condition": "minecraft:random_chance_with_looting",
              "chance": 0.5,
              "looting_multiplier": 0.1
            }
          ]
        }
      ]
    }
  ]
}
