{
  "type": "minecraft:entity",
  "pools": [
    {
      "rolls": 1,
      "entries": [
        {
          "type": "minecraft:item",
          "name": "minecraft:prismarine_crystals",
          "functions": [
            {
              "function": "minecraft:set_nbt",
              "tag": "{display:{Name:'[{\"text\":\"Voltium\",\"italic\":false,\"color\":\"aqua\"}]',Lore:['[{\"text\":\"Storm energy captured directly\",\"italic\":false,\"color\":\"gray\"}]','[{\"text\":\"from an intense thunderstorm.\",\"italic\":false,\"color\":\"gray\"}]']},Enchantments:[{id:mending,lvl:1}],HideFlags:1}"
            }
          ],
          "conditions": [
            {
              "condition": "minecraft:random_chance_with_looting",
              "chance": 0.1,
              "looting_multiplier": 0.05
            }
          ]
        }
      ],
      "conditions": [
        {
          "condition": "minecraft:entity_properties",
          "entity": "this",
          "predicate": {
            "nbt": "{powered:1b}"
          }
        }
      ]
    },
    {
      "rolls": 1,
      "entries": [
        {
          "type": "minecraft:item",
          "name": "minecraft:red_mushroom",
          "functions": [
            {
              "function": "minecraft:set_nbt",
              "tag": "{spore:1,sporeling:1}"
            }
          ]
        }
      ],
      "conditions": [
        {
          "condition": "minecraft:entity_properties",
          "entity": "this",
          "predicate": {
            "nbt": "{Tags:[\"sc4\"]}"
          }
        }
      ]
    },
    {
      "rolls": 1,
      "entries": [
        {
          "type": "minecraft:item",
          "name": "minecraft:red_mushroom",
          "functions": [
            {
              "function": "minecraft:set_nbt",
              "tag": "{spore:2,sporeling:1}"
            }
          ]
        }
      ],
      "conditions": [
        {
          "condition": "minecraft:entity_properties",
          "entity": "this",
          "predicate": {
            "nbt": "{Tags:[\"sc4\"]}"
          }
        }
      ]
    },
    {
      "rolls": 1,
      "entries": [
        {
          "type": "minecraft:item",
          "name": "minecraft:red_mushroom",
          "functions": [
            {
              "function": "minecraft:set_nbt",
              "tag": "{spore:3,sporeling:1}"
            }
          ]
        }
      ],
      "conditions": [
        {
          "condition": "minecraft:entity_properties",
          "entity": "this",
          "predicate": {
            "nbt": "{Tags:[\"sc4\"]}"
          }
        }
      ]
    },
    {
      "rolls": 1,
      "entries": [
        {
          "type": "minecraft:item",
          "name": "minecraft:red_mushroom",
          "functions": [
            {
              "function": "minecraft:set_nbt",
              "tag": "{spore:4,sporeling:1}"
            }
          ]
        }
      ],
      "conditions": [
        {
          "condition": "minecraft:entity_properties",
          "entity": "this",
          "predicate": {
            "nbt": "{Tags:[\"sc4\"]}"
          }
        }
      ]
    },
    {
      "rolls": 1,
      "entries": [
        {
          "type": "minecraft:item",
          "name": "minecraft:emerald",
          "functions": [
            {
              "function": "minecraft:set_nbt",
              "tag": "{xp:10}"
            }
          ],
          "conditions": [
            {
              "condition": "minecraft:inverted",
              "term": {
                "condition": "minecraft:entity_properties",
                "entity": "this",
                "predicate": {
                  "nbt": "{Tags:[\"firsthurt\"]}"
                }
              }
            },
            {
              "condition": "minecraft:damage_source_properties",
              "predicate": {
                "source_entity": {
                  "nbt": "{SelectedItem:{tag:{subjugate:1}}}"
                }
              }
            }
          ]
        }
      ]
    },
    {
      "rolls": {
        "type": "minecraft:uniform",
        "min": 30,
        "max": 64
      },
      "bonus_rolls": 0,
      "entries": [
        {
          "type": "minecraft:item",
          "name": "minecraft:red_mushroom_block",
          "conditions": [
            {
              "condition": "minecraft:random_chance",
              "chance": 0.2
            }
          ]
        },
        {
          "type": "minecraft:item",
          "name": "minecraft:brown_mushroom_block",
          "conditions": [
            {
              "condition": "minecraft:random_chance",
              "chance": 0.2
            }
          ]
        },
        {
          "type": "minecraft:item",
          "name": "minecraft:brown_mushroom"
        },
        {
          "type": "minecraft:item",
          "name": "minecraft:red_mushroom"
        }
      ],
      "conditions": [
        {
          "condition": "minecraft:entity_properties",
          "entity": "this",
          "predicate": {
            "nbt": "{Tags:[\"sc4\"]}"
          }
        }
      ]
    },
    {
      "rolls": 1,
      "bonus_rolls": 0,
      "entries": [
        {
          "type": "minecraft:item",
          "name": "minecraft:gunpowder",
          "functions": [
            {
              "function": "minecraft:set_count",
              "count": {
                "type": "minecraft:uniform",
                "min": 0,
                "max": 2
              },
              "add": false
            },
            {
              "function": "minecraft:set_count",
              "count": {
                "type": "minecraft:uniform",
                "min": 20,
                "max": 30
              },
              "conditions": [
                {
                  "condition": "minecraft:entity_properties",
                  "entity": "this",
                  "predicate": {
                    "nbt": "{Tags:[\"sc4\"]}"
                  }
                }
              ]
            },
            {
              "function": "minecraft:looting_enchant",
              "count": {
                "type": "minecraft:uniform",
                "min": 0,
                "max": 1
              }
            }
          ]
        }
      ]
    },
    {
      "rolls": 1,
      "bonus_rolls": 0,
      "entries": [
        {
          "type": "minecraft:tag",
          "name": "minecraft:creeper_drop_music_discs",
          "expand": true
        }
      ],
      "conditions": [
        {
          "condition": "minecraft:entity_properties",
          "entity": "killer",
          "predicate": {
            "type": "#minecraft:skeletons"
          }
        }
      ]
    }
  ]
}
