{
  "type": "minecraft:entity",
  "pools": [
    {
      "rolls": 1,
      "bonus_rolls": 0,
      "entries": [
        {
          "type": "minecraft:item",
          "name": "minecraft:porkchop",
          "functions": [
            {
              "function": "minecraft:set_count",
              "count": {
                "type": "minecraft:uniform",
                "min": 1,
                "max": 3
              },
              "add": false
            },
            {
              "function": "minecraft:furnace_smelt",
              "conditions": [
                {
                  "condition": "minecraft:entity_properties",
                  "entity": "this",
                  "predicate": {
                    "flags": {
                      "is_on_fire": true
                    }
                  }
                }
              ]
            },
            {
              "function": "minecraft:looting_enchant",
              "count": {
                "type": "minecraft:uniform",
                "min": 0,
                "max": 1
              }
            }
          ]
        }
      ]
    },
    {
      "rolls": 1,
      "bonus_rolls": 0,
      "entries": [
        {
          "type": "minecraft:item",
          "name": "minecraft:carrot",
          "functions": [
            {
              "function": "minecraft:set_count",
              "count": {
                "type": "minecraft:uniform",
                "min": 1,
                "max": 2
              },
              "add": false
            },
            {
              "function": "minecraft:looting_enchant",
              "count": {
                "type": "minecraft:uniform",
                "min": 0,
                "max": 1
              }
            }
          ],
          "conditions": [
            {
              "condition": "minecraft:random_chance",
              "chance": 0.5
            }
          ]
        }
      ]
    },
    {
      "rolls": 1,
      "entries": [
        {
          "type": "minecraft:item",
          "name": "minecraft:cooked_porkchop",
          "functions": [
            {
              "function": "minecraft:set_nbt",
              "tag": "{AttributeModifiers:[{AttributeName:\"generic.attack_damage\",Amount:-10,Slot:mainhand,Name:\"generic.attack_damage\",UUID:[I;-12232,8067,195229,-16134]}],display:{Name:'[{\"text\":\"Pig Material\",\"italic\":false,\"color\":\"gold\"}]',Lore:['[{\"text\":\"Requires roughly 4,000,000 of this\",\"italic\":false,\"color\":\"gray\"}]','[{\"text\":\"material to craft one \",\"italic\":false,\"color\":\"gray\"},{\"text\":\"Pig Boss\",\"color\":\"yellow\"},{\"text\":\".\",\"color\":\"gray\"}]','[{\"text\":\"\",\"italic\":false,\"color\":\"gray\"}]','[{\"text\":\"When in Main Hand:\",\"italic\":false,\"color\":\"gray\"},{\"text\":\"\",\"italic\":false,\"color\":\"dark_purple\"}]','[{\"text\":\"-10 Attack Damage\",\"italic\":false,\"color\":\"dark_red\"},{\"text\":\"\",\"italic\":false,\"color\":\"dark_purple\"}]','[{\"text\":\"+1 \\\\\"Pig Material\\\\\"\",\"italic\":false,\"color\":\"light_purple\"},{\"text\":\"\",\"italic\":false,\"color\":\"dark_purple\"}]','[{\"text\":\"\",\"italic\":false,\"color\":\"dark_purple\"}]','[{\"text\":\"LEGENDARY MATERIAL\",\"italic\":false,\"color\":\"gold\",\"bold\":true}]']},Enchantments:[{id:mending,lvl:1}],HideFlags:3,pigmaterial:1}"
            }
          ],
          "conditions": [
            {
              "condition": "minecraft:random_chance",
              "chance": 0.0000025
            }
          ]
        }
      ]
    }
  ]
}
