{
  "type": "minecraft:entity",
  "pools": [
    {
      "rolls": 1,
      "entries": [
        {
          "type": "minecraft:item",
          "name": "minecraft:emerald",
          "functions": [
            {
              "function": "minecraft:set_nbt",
              "tag": "{xp:10}"
            }
          ],
          "conditions": [
            {
              "condition": "minecraft:inverted",
              "term": {
                "condition": "minecraft:entity_properties",
                "entity": "this",
                "predicate": {
                  "nbt": "{Tags:[\"firsthurt\"]}"
                }
              }
            },
            {
              "condition": "minecraft:damage_source_properties",
              "predicate": {
                "source_entity": {
                  "nbt": "{SelectedItem:{tag:{subjugate:1}}}"
                }
              }
            }
          ]
        }
      ]
    },
    {
      "rolls": 1,
      "bonus_rolls": 0,
      "entries": [
        {
          "type": "minecraft:item",
          "name": "minecraft:shulker_shell"
        }
      ],
      "conditions": [
        {
          "condition": "minecraft:random_chance_with_looting",
          "chance": 0.5,
          "looting_multiplier": 0.0625
        }
      ]
    }
  ]
}
