{
    "type": "minecraft:entity",
    "pools": [
      {
        "rolls": 1,
        "entries": [
          {
            "type": "minecraft:item",
            "name": "minecraft:quartz",
            "functions": [
              {
                "function": "minecraft:set_nbt",
                "tag": "{AttributeModifiers:[{AttributeName:\"generic.attack_damage\",Amount:4,Slot:mainhand,Name:\"generic.attack_damage\",UUID:[I;-122227,31610,20258,-63220]},{AttributeName:\"generic.attack_speed\",Amount:-2.2,Slot:mainhand,Name:\"generic.attack_speed\",UUID:[I;-122227,31710,20258,-63420]},{AttributeName:\"generic.movement_speed\",Amount:0.01,Slot:mainhand,Name:\"generic.movement_speed\",UUID:[I;-122227,31810,20258,-63620]}],display:{Name:'[{\"text\":\"Wolf Claws\",\"italic\":false,\"color\":\"green\"}]',Lore:['[{\"text\":\"\",\"italic\":false}]','[{\"text\":\"Ability: Ferocious Swipe\",\"italic\":false,\"color\":\"gold\"},{\"text\":\"\",\"italic\":false,\"color\":\"dark_purple\"}]','[{\"text\":\"Every three hits, perform a quick\",\"italic\":false,\"color\":\"gray\"}]','[{\"text\":\"swipe in front of you, dealing\",\"italic\":false,\"color\":\"gray\"}]','[{\"text\":\"damage to nearby enemies.\",\"italic\":false,\"color\":\"gray\"}]','[{\"text\":\"\",\"italic\":false,\"color\":\"gray\"}]','[{\"text\":\"When in Main Hand:\",\"italic\":false,\"color\":\"gray\"},{\"text\":\"\",\"italic\":false,\"color\":\"dark_purple\"}]','[{\"text\":\"+4 Attack Damage\",\"italic\":false,\"color\":\"green\"},{\"text\":\"\",\"italic\":false,\"color\":\"dark_purple\"}]','[{\"text\":\"+10 Movement Speed\",\"italic\":false,\"color\":\"green\"},{\"text\":\"\",\"italic\":false,\"color\":\"dark_purple\"}]','[{\"text\":\" 1.8 Attack Speed\",\"italic\":false,\"color\":\"dark_green\"},{\"text\":\"\",\"italic\":false,\"color\":\"dark_purple\"}]','[{\"text\":\"\",\"italic\":false,\"color\":\"dark_purple\"}]','[{\"text\":\"UNCOMMON SWORD\",\"italic\":false,\"color\":\"green\",\"bold\":true}]']},HideFlags:2,wolfclaws:1,customab:1,HideFlags:3}"
              }
            ],
            "conditions": [
              {
                "condition": "minecraft:random_chance",
                "chance": 0.1
              }
            ]
          }
        ]
      }
    ]
  }
  