{
  "type": "minecraft:entity",
  "pools": [
    {
      "rolls": 1,
      "entries": [
        {
          "type": "minecraft:item",
          "name": "minecraft:wooden_sword",
          "functions": [
            {
              "function": "minecraft:set_nbt",
              "tag": "{AttributeModifiers:[{AttributeName:\"generic.attack_damage\",Amount:4,Slot:mainhand,Name:\"generic.attack_damage\",UUID:[I;-122221,8998,18223,-17996]},{AttributeName:\"generic.attack_speed\",Amount:-2.2,Slot:mainhand,Name:\"generic.attack_speed\",UUID:[I;-122221,9098,18223,-18196]}],display:{Name:'[{\"text\":\"Rotten Sword\",\"italic\":false,\"color\":\"white\"}]',Lore:['[{\"text\":\"\",\"italic\":false}]','[{\"text\":\"When in Main Hand:\",\"italic\":false,\"color\":\"gray\"},{\"text\":\"\",\"italic\":false,\"color\":\"dark_purple\"}]','[{\"text\":\"+4 Attack Damage\",\"italic\":false,\"color\":\"dark_red\"},{\"text\":\"\",\"italic\":false,\"color\":\"dark_purple\"}]','[{\"text\":\"-2.2 Attack Speed\",\"italic\":false,\"color\":\"yellow\"},{\"text\":\"\",\"italic\":false,\"color\":\"dark_purple\"}]','[{\"text\":\"\",\"italic\":false,\"color\":\"dark_purple\"}]','[{\"text\":\"COMMON SWORD\",\"italic\":false,\"color\":\"white\",\"bold\":true}]']},HideFlags:2}"
            },
            {
              "function": "minecraft:set_damage",
              "damage": {
                "type": "minecraft:uniform",
                "min": 0.4,
                "max": 0.8
              }
            },
            {
              "function": "minecraft:enchant_with_levels",  
              "levels": {
                "type": "minecraft:uniform",
                "min": 30,
                "max": 60
              },
              "treasure": true
            }
          ],
          "conditions": [
            {
              "condition": "minecraft:random_chance_with_looting",
              "chance": 0.05,
              "looting_multiplier": 0.01
            }
          ]
        }
      ]
    },
    {
      "rolls": 1,
      "entries": [
        {
          "type": "minecraft:item",
          "name": "minecraft:emerald",
          "functions": [
            {
              "function": "minecraft:set_nbt",
              "tag": "{xp:10}"
            }
          ],
          "conditions": [
            {
              "condition": "minecraft:inverted",
              "term": {
                "condition": "minecraft:entity_properties",
                "entity": "this",
                "predicate": {
                  "nbt": "{Tags:[\"firsthurt\"]}"
                }
              }
            },
            {
              "condition": "minecraft:damage_source_properties",
              "predicate": {
                "source_entity": {
                  "nbt": "{SelectedItem:{tag:{subjugate:1}}}"
                }
              }
            }
          ]
        }
      ]
    },
    {
      "rolls": 1,
      "bonus_rolls": 0,
      "entries": [
        {
          "type": "minecraft:item",
          "name": "minecraft:rotten_flesh",
          "functions": [
            {
              "function": "minecraft:set_count",
              "count": {
                "type": "minecraft:uniform",
                "min": 0,
                "max": 2
              },
              "add": false
            },
            {
              "function": "minecraft:looting_enchant",
              "count": {
                "type": "minecraft:uniform",
                "min": 0,
                "max": 1
              }
            }
          ]
        }
      ]
    },
    {
      "rolls": 1,
      "bonus_rolls": 0,
      "entries": [
        {
          "type": "minecraft:item",
          "name": "minecraft:iron_ingot"
        },
        {
          "type": "minecraft:item",
          "name": "minecraft:carrot"
        },
        {
          "type": "minecraft:item",
          "name": "minecraft:potato",
          "functions": [
            {
              "function": "minecraft:furnace_smelt",
              "conditions": [
                {
                  "condition": "minecraft:entity_properties",
                  "entity": "this",
                  "predicate": {
                    "flags": {
                      "is_on_fire": true
                    }
                  }
                }
              ]
            }
          ]
        }
      ],
      "conditions": [
        {
          "condition": "minecraft:killed_by_player"
        },
        {
          "condition": "minecraft:random_chance_with_looting",
          "chance": 0.025,
          "looting_multiplier": 0.01
        }
      ]
    }
  ]
}
