{
    "type": "minecraft:chest",
    "pools": [
        {
            "rolls": 1,
            "entries": [
              {
                "type": "minecraft:item",
                "name": "minecraft:enchanted_book",
                "functions": [
                  {
                    "function": "minecraft:set_nbt",
                    "tag": "{display:{Name:'[{\"text\":\"Infernal Supplement Book\",\"italic\":false,\"color\":\"yellow\"}]',Lore:['[{\"text\":\"\",\"italic\":false}]','[{\"text\":\"Supplement: Infernal\",\"italic\":false,\"color\":\"gold\"},{\"text\":\"\",\"italic\":false,\"color\":\"dark_purple\"}]','[{\"text\":\"Gain \",\"italic\":false,\"color\":\"gray\"},{\"text\":\"Fire Resistance\",\"color\":\"blue\"},{\"text\":\".\"},{\"text\":\"\",\"color\":\"dark_purple\"}]','[{\"text\":\"Sneak while in offhand to merge in\",\"italic\":false,\"color\":\"dark_gray\"},{\"text\":\"\",\"italic\":false,\"color\":\"dark_purple\"}]','[{\"text\":\"weapons with the \",\"italic\":false,\"color\":\"dark_gray\"},{\"text\":\"Harness ability.\",\"color\":\"gold\"},{\"text\":\"\",\"color\":\"dark_purple\"}]','[{\"text\":\"\",\"italic\":false,\"color\":\"dark_purple\"}]','[{\"text\":\"SUPPLEMENT BOOK\",\"italic\":false,\"color\":\"yellow\",\"bold\":true}]']},supplement:1,supplementid:8}"
                  }
                ]
              }
            ],
            "conditions": [
              {
                "condition": "minecraft:random_chance",
                "chance": 0.1
              }
            ]
          },
          {
        "rolls": 1,
        "bonus_rolls": 0,
        "entries": [
          {
            "type": "minecraft:item",
            "weight": 6,
            "name": "minecraft:diamond_pickaxe",
            "functions": [
              {
                "function": "minecraft:set_count",
                "count": 1,
                "add": false
              },
              {
                "function": "minecraft:enchant_randomly"
              }
            ]
          },
          {
            "type": "minecraft:item",
            "weight": 6,
            "name": "minecraft:diamond_shovel",
            "functions": [
              {
                "function": "minecraft:set_count",
                "count": 1,
                "add": false
              }
            ]
          },
          {
            "type": "minecraft:item",
            "weight": 6,
            "name": "minecraft:crossbow",
            "functions": [
              {
                "function": "minecraft:set_damage",
                "damage": {
                  "type": "minecraft:uniform",
                  "min": 0.1,
                  "max": 0.9
                },
                "add": false
              },
              {
                "function": "minecraft:enchant_randomly"
              }
            ]
          },
          {
            "type": "minecraft:item",
            "weight": 12,
            "name": "minecraft:ancient_debris",
            "functions": [
              {
                "function": "minecraft:set_count",
                "count": 1,
                "add": false
              }
            ]
          },
          {
            "type": "minecraft:item",
            "weight": 4,
            "name": "minecraft:netherite_scrap",
            "functions": [
              {
                "function": "minecraft:set_count",
                "count": 1,
                "add": false
              }
            ]
          },
          {
            "type": "minecraft:item",
            "weight": 10,
            "name": "minecraft:spectral_arrow",
            "functions": [
              {
                "function": "minecraft:set_count",
                "count": {
                  "type": "minecraft:uniform",
                  "min": 10,
                  "max": 22
                },
                "add": false
              }
            ]
          },
          {
            "type": "minecraft:item",
            "weight": 9,
            "name": "minecraft:piglin_banner_pattern",
            "functions": [
              {
                "function": "minecraft:set_count",
                "count": 1,
                "add": false
              }
            ]
          },
          {
            "type": "minecraft:item",
            "weight": 5,
            "name": "minecraft:music_disc_pigstep",
            "functions": [
              {
                "function": "minecraft:set_count",
                "count": 1,
                "add": false
              }
            ]
          },
          {
            "type": "minecraft:item",
            "weight": 12,
            "name": "minecraft:golden_carrot",
            "functions": [
              {
                "function": "minecraft:set_count",
                "count": {
                  "type": "minecraft:uniform",
                  "min": 6,
                  "max": 17
                },
                "add": false
              }
            ]
          },
          {
            "type": "minecraft:item",
            "weight": 9,
            "name": "minecraft:golden_apple",
            "functions": [
              {
                "function": "minecraft:set_count",
                "count": 1,
                "add": false
              }
            ]
          },
          {
            "type": "minecraft:item",
            "weight": 10,
            "name": "minecraft:book",
            "functions": [
              {
                "function": "minecraft:enchant_randomly",
                "enchantments": [
                  "minecraft:soul_speed"
                ]
              }
            ]
          }
        ]
      },
      {
        "rolls": 2,
        "bonus_rolls": 0,
        "entries": [
          {
            "type": "minecraft:item",
            "weight": 2,
            "name": "minecraft:iron_sword",
            "functions": [
              {
                "function": "minecraft:set_damage",
                "damage": {
                  "type": "minecraft:uniform",
                  "min": 0.1,
                  "max": 0.9
                },
                "add": false
              },
              {
                "function": "minecraft:set_count",
                "count": 1,
                "add": false
              },
              {
                "function": "minecraft:enchant_randomly"
              }
            ]
          },
          {
            "type": "minecraft:item",
            "weight": 2,
            "name": "minecraft:iron_block",
            "functions": [
              {
                "function": "minecraft:set_count",
                "count": 1,
                "add": false
              }
            ]
          },
          {
            "type": "minecraft:item",
            "name": "minecraft:golden_boots",
            "functions": [
              {
                "function": "minecraft:set_count",
                "count": 1,
                "add": false
              },
              {
                "function": "minecraft:enchant_randomly",
                "enchantments": [
                  "minecraft:soul_speed"
                ]
              }
            ]
          },
          {
            "type": "minecraft:item",
            "name": "minecraft:golden_axe",
            "functions": [
              {
                "function": "minecraft:set_count",
                "count": 1,
                "add": false
              },
              {
                "function": "minecraft:enchant_randomly"
              }
            ]
          },
          {
            "type": "minecraft:item",
            "weight": 2,
            "name": "minecraft:gold_block",
            "functions": [
              {
                "function": "minecraft:set_count",
                "count": 1,
                "add": false
              }
            ]
          },
          {
            "type": "minecraft:item",
            "name": "minecraft:crossbow",
            "functions": [
              {
                "function": "minecraft:set_count",
                "count": 1,
                "add": false
              }
            ]
          },
          {
            "type": "minecraft:item",
            "weight": 2,
            "name": "minecraft:gold_ingot",
            "functions": [
              {
                "function": "minecraft:set_count",
                "count": {
                  "type": "minecraft:uniform",
                  "min": 1,
                  "max": 6
                },
                "add": false
              }
            ]
          },
          {
            "type": "minecraft:item",
            "weight": 2,
            "name": "minecraft:iron_ingot",
            "functions": [
              {
                "function": "minecraft:set_count",
                "count": {
                  "type": "minecraft:uniform",
                  "min": 1,
                  "max": 6
                },
                "add": false
              }
            ]
          },
          {
            "type": "minecraft:item",
            "name": "minecraft:golden_sword",
            "functions": [
              {
                "function": "minecraft:set_count",
                "count": 1,
                "add": false
              }
            ]
          },
          {
            "type": "minecraft:item",
            "name": "minecraft:golden_chestplate",
            "functions": [
              {
                "function": "minecraft:set_count",
                "count": 1,
                "add": false
              }
            ]
          },
          {
            "type": "minecraft:item",
            "name": "minecraft:golden_helmet",
            "functions": [
              {
                "function": "minecraft:set_count",
                "count": 1,
                "add": false
              }
            ]
          },
          {
            "type": "minecraft:item",
            "name": "minecraft:golden_leggings",
            "functions": [
              {
                "function": "minecraft:set_count",
                "count": 1,
                "add": false
              }
            ]
          },
          {
            "type": "minecraft:item",
            "name": "minecraft:golden_boots",
            "functions": [
              {
                "function": "minecraft:set_count",
                "count": 1,
                "add": false
              }
            ]
          },
          {
            "type": "minecraft:item",
            "weight": 2,
            "name": "minecraft:crying_obsidian",
            "functions": [
              {
                "function": "minecraft:set_count",
                "count": {
                  "type": "minecraft:uniform",
                  "min": 1,
                  "max": 5
                },
                "add": false
              }
            ]
          }
        ]
      },
      {
        "rolls": {
          "type": "minecraft:uniform",
          "min": 3,
          "max": 4
        },
        "bonus_rolls": 0,
        "entries": [
          {
            "type": "minecraft:item",
            "weight": 2,
            "name": "minecraft:gilded_blackstone",
            "functions": [
              {
                "function": "minecraft:set_count",
                "count": {
                  "type": "minecraft:uniform",
                  "min": 1,
                  "max": 5
                },
                "add": false
              }
            ]
          },
          {
            "type": "minecraft:item",
            "name": "minecraft:chain",
            "functions": [
              {
                "function": "minecraft:set_count",
                "count": {
                  "type": "minecraft:uniform",
                  "min": 2,
                  "max": 10
                },
                "add": false
              }
            ]
          },
          {
            "type": "minecraft:item",
            "weight": 2,
            "name": "minecraft:magma_cream",
            "functions": [
              {
                "function": "minecraft:set_count",
                "count": {
                  "type": "minecraft:uniform",
                  "min": 2,
                  "max": 6
                },
                "add": false
              }
            ]
          },
          {
            "type": "minecraft:item",
            "name": "minecraft:bone_block",
            "functions": [
              {
                "function": "minecraft:set_count",
                "count": {
                  "type": "minecraft:uniform",
                  "min": 3,
                  "max": 6
                },
                "add": false
              }
            ]
          },
          {
            "type": "minecraft:item",
            "name": "minecraft:iron_nugget",
            "functions": [
              {
                "function": "minecraft:set_count",
                "count": {
                  "type": "minecraft:uniform",
                  "min": 2,
                  "max": 8
                },
                "add": false
              }
            ]
          },
          {
            "type": "minecraft:item",
            "name": "minecraft:obsidian",
            "functions": [
              {
                "function": "minecraft:set_count",
                "count": {
                  "type": "minecraft:uniform",
                  "min": 4,
                  "max": 6
                },
                "add": false
              }
            ]
          },
          {
            "type": "minecraft:item",
            "name": "minecraft:gold_nugget",
            "functions": [
              {
                "function": "minecraft:set_count",
                "count": {
                  "type": "minecraft:uniform",
                  "min": 2,
                  "max": 8
                },
                "add": false
              }
            ]
          },
          {
            "type": "minecraft:item",
            "name": "minecraft:string",
            "functions": [
              {
                "function": "minecraft:set_count",
                "count": {
                  "type": "minecraft:uniform",
                  "min": 4,
                  "max": 6
                },
                "add": false
              }
            ]
          },
          {
            "type": "minecraft:item",
            "weight": 2,
            "name": "minecraft:arrow",
            "functions": [
              {
                "function": "minecraft:set_count",
                "count": {
                  "type": "minecraft:uniform",
                  "min": 5,
                  "max": 17
                },
                "add": false
              }
            ]
          },
          {
            "type": "minecraft:item",
            "name": "minecraft:cooked_porkchop",
            "functions": [
              {
                "function": "minecraft:set_count",
                "count": 1,
                "add": false
              }
            ]
          }
        ]
      }
    ]
  }
  