
{
    "type": "minecraft:chest",
    "pools": [
        {
            "rolls": {
              "type": "minecraft:uniform",
              "min": 1,
              "max": 2
            },
            "entries": [
              {
                "type": "minecraft:item",
                "name": "minecraft:enchanted_book",
                "functions": [
                  {
                    "function": "minecraft:set_nbt",
                    "tag": "{display:{Name:'[{\"text\":\"Sharpness Supplement Book\",\"italic\":false,\"color\":\"yellow\"}]',Lore:['[{\"text\":\"\",\"italic\":false}]','[{\"text\":\"Supplement: Sharpness\",\"italic\":false,\"color\":\"gold\"},{\"text\":\"\",\"italic\":false,\"color\":\"dark_purple\"}]','[{\"text\":\"Grants \",\"italic\":false,\"color\":\"gray\"},{\"text\":\"+0.8\",\"color\":\"green\"},{\"text\":\" Attack Damage.\"},{\"text\":\"\",\"color\":\"dark_purple\"}]','[{\"text\":\"Sneak while in offhand to merge in\",\"italic\":false,\"color\":\"dark_gray\"}]','[{\"text\":\"weapons with the \",\"italic\":false,\"color\":\"dark_gray\"},{\"text\":\"Harness\",\"color\":\"gold\"},{\"text\":\" ability.\"},{\"text\":\"\",\"color\":\"dark_purple\"}]','[{\"text\":\"\",\"italic\":false,\"color\":\"dark_purple\"}]','[{\"text\":\"SUPPLEMENT BOOK\",\"italic\":false,\"color\":\"yellow\",\"bold\":true}]']},supplement:1,supplementid:2}"
                  }
                ]
              },
              {
                "type": "minecraft:item",
                "name": "minecraft:enchanted_book",
                "functions": [
                  {
                    "function": "minecraft:set_nbt",
                    "tag": "{display:{Name:'[{\"text\":\"Speed Supplement Book\",\"italic\":false,\"color\":\"yellow\"}]',Lore:['[{\"text\":\"\",\"italic\":false}]','[{\"text\":\"Supplement: Speed\",\"italic\":false,\"color\":\"gold\"},{\"text\":\"\",\"italic\":false,\"color\":\"dark_purple\"}]','[{\"text\":\"Grants \",\"italic\":false,\"color\":\"gray\"},{\"text\":\"+10\",\"color\":\"green\"},{\"text\":\" Movement Speed.\"},{\"text\":\"\",\"color\":\"dark_purple\"}]','[{\"text\":\"Sneak while in offhand to merge in\",\"italic\":false,\"color\":\"dark_gray\"}]','[{\"text\":\"weapons with the \",\"italic\":false,\"color\":\"dark_gray\"},{\"text\":\"Harness\",\"color\":\"gold\"},{\"text\":\" ability.\"},{\"text\":\"\",\"color\":\"dark_purple\"}]','[{\"text\":\"\",\"italic\":false,\"color\":\"dark_purple\"}]','[{\"text\":\"SUPPLEMENT BOOK\",\"italic\":false,\"color\":\"yellow\",\"bold\":true}]']},supplement:1,supplementid:3}"
                  }
                ]
              },
              {
                "type": "minecraft:item",
                "name": "minecraft:enchanted_book",
                "functions": [
                  {
                    "function": "minecraft:set_nbt",
                    "tag": "{display:{Name:'[{\"text\":\"Attack Speed Supplement Book\",\"italic\":false,\"color\":\"yellow\"}]',Lore:['[{\"text\":\"\",\"italic\":false}]','[{\"text\":\"Supplement: Attack Speed\",\"italic\":false,\"color\":\"gold\"},{\"text\":\"\",\"italic\":false,\"color\":\"dark_purple\"}]','[{\"text\":\"Grants \",\"italic\":false,\"color\":\"gray\"},{\"text\":\"+0.3 \",\"color\":\"green\"},{\"text\":\"Attack Speed.\"},{\"text\":\"\",\"color\":\"dark_purple\"}]','[{\"text\":\"Sneak while in offhand to merge in\",\"italic\":false,\"color\":\"dark_gray\"},{\"text\":\"\",\"italic\":false,\"color\":\"dark_purple\"}]','[{\"text\":\"weapons with the \",\"italic\":false,\"color\":\"dark_gray\"},{\"text\":\"Harness ability.\",\"color\":\"gold\"},{\"text\":\"\",\"color\":\"dark_purple\"}]','[{\"text\":\"\",\"italic\":false,\"color\":\"dark_purple\"}]','[{\"text\":\"SUPPLEMENT BOOK\",\"italic\":false,\"color\":\"yellow\",\"bold\":true}]']},supplement:1,supplementid:5}"
                  }
                ]
              },
              {
                "type": "minecraft:item",
                "name": "minecraft:enchanted_book",
                "functions": [
                  {
                    "function": "minecraft:set_nbt",
                    "tag": "{display:{Name:'[{\"text\":\"Knockback Resistance Supplement Book\",\"italic\":false,\"color\":\"yellow\"}]',Lore:['[{\"text\":\"\",\"italic\":false}]','[{\"text\":\"Supplement: Knockback Resistance\",\"italic\":false,\"color\":\"gold\"},{\"text\":\"\",\"italic\":false,\"color\":\"dark_purple\"}]','[{\"text\":\"Grants \",\"italic\":false,\"color\":\"gray\"},{\"text\":\"+1 \",\"color\":\"green\"},{\"text\":\"Knockback Resistance.\"},{\"text\":\"\",\"color\":\"dark_purple\"}]','[{\"text\":\"Sneak while in offhand to merge in\",\"italic\":false,\"color\":\"dark_gray\"},{\"text\":\"\",\"italic\":false,\"color\":\"dark_purple\"}]','[{\"text\":\"weapons with the \",\"italic\":false,\"color\":\"dark_gray\"},{\"text\":\"Harness ability.\",\"color\":\"gold\"},{\"text\":\"\",\"color\":\"dark_purple\"}]','[{\"text\":\"\",\"italic\":false,\"color\":\"dark_purple\"}]','[{\"text\":\"SUPPLEMENT BOOK\",\"italic\":false,\"color\":\"yellow\",\"bold\":true}]']},supplement:1,supplementid:6}"
                  }
                ]
              },
              {
                "type": "minecraft:item",
                "name": "minecraft:enchanted_book",
                "functions": [
                  {
                    "function": "minecraft:set_nbt",
                    "tag": "{display:{Name:'[{\"text\":\"Resilient Supplement Book\",\"italic\":false,\"color\":\"yellow\"}]',Lore:['[{\"text\":\"\",\"italic\":false}]','[{\"text\":\"Supplement: Resilience\",\"italic\":false,\"color\":\"gold\"},{\"text\":\"\",\"italic\":false,\"color\":\"dark_purple\"}]','[{\"text\":\"Gain \",\"italic\":false,\"color\":\"gray\"},{\"text\":\"Resistance\",\"color\":\"blue\"},{\"text\":\" when\",\"color\":\"gray\"}]','[{\"text\":\"below \",\"italic\":false,\"color\":\"gray\"},{\"text\":\"10 \",\"color\":\"red\"},{\"text\":\"Health.\"},{\"text\":\"\",\"color\":\"dark_purple\"}]','[{\"text\":\"Sneak while in offhand to merge in\",\"italic\":false,\"color\":\"dark_gray\"},{\"text\":\"\",\"italic\":false,\"color\":\"dark_purple\"}]','[{\"text\":\"weapons with the \",\"italic\":false,\"color\":\"dark_gray\"},{\"text\":\"Harness ability.\",\"color\":\"gold\"},{\"text\":\"\",\"color\":\"dark_purple\"}]','[{\"text\":\"\",\"italic\":false,\"color\":\"dark_purple\"}]','[{\"text\":\"SUPPLEMENT BOOK\",\"italic\":false,\"color\":\"yellow\",\"bold\":true}]']},supplement:1,supplementid:9}"
                  }
                ]
              }
            ],
            "conditions": [
              {
                "condition": "minecraft:random_chance",
                "chance": 0.4
              }
            ]
          },
          {
        "rolls": {
          "type": "minecraft:uniform",
          "min": 1,
          "max": 3
        },
        "bonus_rolls": 0,
        "entries": [
          {
            "type": "minecraft:item",
            "weight": 20,
            "name": "minecraft:saddle"
          },
          {
            "type": "minecraft:item",
            "weight": 15,
            "name": "minecraft:golden_apple"
          },
          {
            "type": "minecraft:item",
            "weight": 2,
            "name": "minecraft:enchanted_golden_apple"
          },
          {
            "type": "minecraft:item",
            "weight": 2,
            "name": "minecraft:music_disc_otherside"
          },
          {
            "type": "minecraft:item",
            "weight": 15,
            "name": "minecraft:music_disc_13"
          },
          {
            "type": "minecraft:item",
            "weight": 15,
            "name": "minecraft:music_disc_cat"
          },
          {
            "type": "minecraft:item",
            "weight": 20,
            "name": "minecraft:name_tag"
          },
          {
            "type": "minecraft:item",
            "weight": 10,
            "name": "minecraft:golden_horse_armor"
          },
          {
            "type": "minecraft:item",
            "weight": 15,
            "name": "minecraft:iron_horse_armor"
          },
          {
            "type": "minecraft:item",
            "weight": 5,
            "name": "minecraft:diamond_horse_armor"
          },
          {
            "type": "minecraft:item",
            "weight": 10,
            "name": "minecraft:book",
            "functions": [
              {
                "function": "minecraft:enchant_randomly"
              }
            ]
          }
        ]
      },
      {
        "rolls": {
          "type": "minecraft:uniform",
          "min": 1,
          "max": 4
        },
        "bonus_rolls": 0,
        "entries": [
          {
            "type": "minecraft:item",
            "weight": 10,
            "name": "minecraft:iron_ingot",
            "functions": [
              {
                "function": "minecraft:set_count",
                "count": {
                  "type": "minecraft:uniform",
                  "min": 1,
                  "max": 4
                },
                "add": false
              }
            ]
          },
          {
            "type": "minecraft:item",
            "weight": 5,
            "name": "minecraft:gold_ingot",
            "functions": [
              {
                "function": "minecraft:set_count",
                "count": {
                  "type": "minecraft:uniform",
                  "min": 1,
                  "max": 4
                },
                "add": false
              }
            ]
          },
          {
            "type": "minecraft:item",
            "weight": 20,
            "name": "minecraft:bread"
          },
          {
            "type": "minecraft:item",
            "weight": 20,
            "name": "minecraft:wheat",
            "functions": [
              {
                "function": "minecraft:set_count",
                "count": {
                  "type": "minecraft:uniform",
                  "min": 1,
                  "max": 4
                },
                "add": false
              }
            ]
          },
          {
            "type": "minecraft:item",
            "weight": 10,
            "name": "minecraft:bucket"
          },
          {
            "type": "minecraft:item",
            "weight": 15,
            "name": "minecraft:redstone",
            "functions": [
              {
                "function": "minecraft:set_count",
                "count": {
                  "type": "minecraft:uniform",
                  "min": 1,
                  "max": 4
                },
                "add": false
              }
            ]
          },
          {
            "type": "minecraft:item",
            "weight": 15,
            "name": "minecraft:coal",
            "functions": [
              {
                "function": "minecraft:set_count",
                "count": {
                  "type": "minecraft:uniform",
                  "min": 1,
                  "max": 4
                },
                "add": false
              }
            ]
          },
          {
            "type": "minecraft:item",
            "weight": 10,
            "name": "minecraft:melon_seeds",
            "functions": [
              {
                "function": "minecraft:set_count",
                "count": {
                  "type": "minecraft:uniform",
                  "min": 2,
                  "max": 4
                },
                "add": false
              }
            ]
          },
          {
            "type": "minecraft:item",
            "weight": 10,
            "name": "minecraft:pumpkin_seeds",
            "functions": [
              {
                "function": "minecraft:set_count",
                "count": {
                  "type": "minecraft:uniform",
                  "min": 2,
                  "max": 4
                },
                "add": false
              }
            ]
          },
          {
            "type": "minecraft:item",
            "weight": 10,
            "name": "minecraft:beetroot_seeds",
            "functions": [
              {
                "function": "minecraft:set_count",
                "count": {
                  "type": "minecraft:uniform",
                  "min": 2,
                  "max": 4
                },
                "add": false
              }
            ]
          }
        ]
      },
      {
        "rolls": 3,
        "bonus_rolls": 0,
        "entries": [
          {
            "type": "minecraft:item",
            "weight": 10,
            "name": "minecraft:bone",
            "functions": [
              {
                "function": "minecraft:set_count",
                "count": {
                  "type": "minecraft:uniform",
                  "min": 1,
                  "max": 8
                },
                "add": false
              }
            ]
          },
          {
            "type": "minecraft:item",
            "weight": 10,
            "name": "minecraft:gunpowder",
            "functions": [
              {
                "function": "minecraft:set_count",
                "count": {
                  "type": "minecraft:uniform",
                  "min": 1,
                  "max": 8
                },
                "add": false
              }
            ]
          },
          {
            "type": "minecraft:item",
            "weight": 10,
            "name": "minecraft:rotten_flesh",
            "functions": [
              {
                "function": "minecraft:set_count",
                "count": {
                  "type": "minecraft:uniform",
                  "min": 1,
                  "max": 8
                },
                "add": false
              }
            ]
          },
          {
            "type": "minecraft:item",
            "weight": 10,
            "name": "minecraft:string",
            "functions": [
              {
                "function": "minecraft:set_count",
                "count": {
                  "type": "minecraft:uniform",
                  "min": 1,
                  "max": 8
                },
                "add": false
              }
            ]
          }
        ]
      }
    ]
  }
  