{
  "type": "minecraft:chest",
  "pools": [
    {
      "rolls": {
        "type": "minecraft:uniform",
        "min": 0  ,
        "max": 2
      },
      "entries": [
        {
          "type": "minecraft:item",
          "name": "minecraft:enchanted_book",
          "functions": [
            {
              "function": "minecraft:set_nbt",
              "tag": "{display:{Name:'[{\"text\":\"Sharpness Supplement Book\",\"italic\":false,\"color\":\"yellow\"}]',Lore:['[{\"text\":\"\",\"italic\":false}]','[{\"text\":\"Supplement: Sharpness\",\"italic\":false,\"color\":\"gold\"},{\"text\":\"\",\"italic\":false,\"color\":\"dark_purple\"}]','[{\"text\":\"Grants \",\"italic\":false,\"color\":\"gray\"},{\"text\":\"+0.8\",\"color\":\"green\"},{\"text\":\" Attack Damage.\"},{\"text\":\"\",\"color\":\"dark_purple\"}]','[{\"text\":\"Sneak while in offhand to merge in\",\"italic\":false,\"color\":\"dark_gray\"}]','[{\"text\":\"weapons with the \",\"italic\":false,\"color\":\"dark_gray\"},{\"text\":\"Harness\",\"color\":\"gold\"},{\"text\":\" ability.\"},{\"text\":\"\",\"color\":\"dark_purple\"}]','[{\"text\":\"\",\"italic\":false,\"color\":\"dark_purple\"}]','[{\"text\":\"SUPPLEMENT BOOK\",\"italic\":false,\"color\":\"yellow\",\"bold\":true}]']},supplement:1,supplementid:2}"
            }
          ]
        },
        {
          "type": "minecraft:item",
          "name": "minecraft:enchanted_book",
          "functions": [
            {
              "function": "minecraft:set_nbt",
              "tag": "{display:{Name:'[{\"text\":\"Speed Supplement Book\",\"italic\":false,\"color\":\"yellow\"}]',Lore:['[{\"text\":\"\",\"italic\":false}]','[{\"text\":\"Supplement: Speed\",\"italic\":false,\"color\":\"gold\"},{\"text\":\"\",\"italic\":false,\"color\":\"dark_purple\"}]','[{\"text\":\"Grants \",\"italic\":false,\"color\":\"gray\"},{\"text\":\"+10\",\"color\":\"green\"},{\"text\":\" Movement Speed.\"},{\"text\":\"\",\"color\":\"dark_purple\"}]','[{\"text\":\"Sneak while in offhand to merge in\",\"italic\":false,\"color\":\"dark_gray\"}]','[{\"text\":\"weapons with the \",\"italic\":false,\"color\":\"dark_gray\"},{\"text\":\"Harness\",\"color\":\"gold\"},{\"text\":\" ability.\"},{\"text\":\"\",\"color\":\"dark_purple\"}]','[{\"text\":\"\",\"italic\":false,\"color\":\"dark_purple\"}]','[{\"text\":\"SUPPLEMENT BOOK\",\"italic\":false,\"color\":\"yellow\",\"bold\":true}]']},supplement:1,supplementid:3}"
            }
          ]
        },
        {
          "type": "minecraft:item",
          "name": "minecraft:enchanted_book",
          "functions": [
            {
              "function": "minecraft:set_nbt",
              "tag": "{display:{Name:'[{\"text\":\"Attack Speed Supplement Book\",\"italic\":false,\"color\":\"yellow\"}]',Lore:['[{\"text\":\"\",\"italic\":false}]','[{\"text\":\"Supplement: Attack Speed\",\"italic\":false,\"color\":\"gold\"},{\"text\":\"\",\"italic\":false,\"color\":\"dark_purple\"}]','[{\"text\":\"Grants \",\"italic\":false,\"color\":\"gray\"},{\"text\":\"+0.3 \",\"color\":\"green\"},{\"text\":\"Attack Speed.\"},{\"text\":\"\",\"color\":\"dark_purple\"}]','[{\"text\":\"Sneak while in offhand to merge in\",\"italic\":false,\"color\":\"dark_gray\"},{\"text\":\"\",\"italic\":false,\"color\":\"dark_purple\"}]','[{\"text\":\"weapons with the \",\"italic\":false,\"color\":\"dark_gray\"},{\"text\":\"Harness ability.\",\"color\":\"gold\"},{\"text\":\"\",\"color\":\"dark_purple\"}]','[{\"text\":\"\",\"italic\":false,\"color\":\"dark_purple\"}]','[{\"text\":\"SUPPLEMENT BOOK\",\"italic\":false,\"color\":\"yellow\",\"bold\":true}]']},supplement:1,supplementid:5}"
            }
          ]
        },
        {
          "type": "minecraft:item",
          "name": "minecraft:enchanted_book",
          "functions": [
            {
              "function": "minecraft:set_nbt",
              "tag": "{display:{Name:'[{\"text\":\"Knockback Resistance Supplement Book\",\"italic\":false,\"color\":\"yellow\"}]',Lore:['[{\"text\":\"\",\"italic\":false}]','[{\"text\":\"Supplement: Knockback Resistance\",\"italic\":false,\"color\":\"gold\"},{\"text\":\"\",\"italic\":false,\"color\":\"dark_purple\"}]','[{\"text\":\"Grants \",\"italic\":false,\"color\":\"gray\"},{\"text\":\"+1 \",\"color\":\"green\"},{\"text\":\"Knockback Resistance.\"},{\"text\":\"\",\"color\":\"dark_purple\"}]','[{\"text\":\"Sneak while in offhand to merge in\",\"italic\":false,\"color\":\"dark_gray\"},{\"text\":\"\",\"italic\":false,\"color\":\"dark_purple\"}]','[{\"text\":\"weapons with the \",\"italic\":false,\"color\":\"dark_gray\"},{\"text\":\"Harness ability.\",\"color\":\"gold\"},{\"text\":\"\",\"color\":\"dark_purple\"}]','[{\"text\":\"\",\"italic\":false,\"color\":\"dark_purple\"}]','[{\"text\":\"SUPPLEMENT BOOK\",\"italic\":false,\"color\":\"yellow\",\"bold\":true}]']},supplement:1,supplementid:6}"
            }
          ]
        },
        {
          "type": "minecraft:item",
          "name": "minecraft:enchanted_book",
          "functions": [
            {
              "function": "minecraft:set_nbt",
              "tag": "{display:{Name:'[{\"text\":\"Resilient Supplement Book\",\"italic\":false,\"color\":\"yellow\"}]',Lore:['[{\"text\":\"\",\"italic\":false}]','[{\"text\":\"Supplement: Resilience\",\"italic\":false,\"color\":\"gold\"},{\"text\":\"\",\"italic\":false,\"color\":\"dark_purple\"}]','[{\"text\":\"Gain \",\"italic\":false,\"color\":\"gray\"},{\"text\":\"Resistance\",\"color\":\"blue\"},{\"text\":\" when\",\"color\":\"gray\"}]','[{\"text\":\"below \",\"italic\":false,\"color\":\"gray\"},{\"text\":\"10 \",\"color\":\"red\"},{\"text\":\"Health.\"},{\"text\":\"\",\"color\":\"dark_purple\"}]','[{\"text\":\"Sneak while in offhand to merge in\",\"italic\":false,\"color\":\"dark_gray\"},{\"text\":\"\",\"italic\":false,\"color\":\"dark_purple\"}]','[{\"text\":\"weapons with the \",\"italic\":false,\"color\":\"dark_gray\"},{\"text\":\"Harness ability.\",\"color\":\"gold\"},{\"text\":\"\",\"color\":\"dark_purple\"}]','[{\"text\":\"\",\"italic\":false,\"color\":\"dark_purple\"}]','[{\"text\":\"SUPPLEMENT BOOK\",\"italic\":false,\"color\":\"yellow\",\"bold\":true}]']},supplement:1,supplementid:9}"
            }
          ]
        }
      ],
      "conditions": [
        {
          "condition": "minecraft:random_chance",
          "chance": 0.4
        }
      ]
    },
    {
      "rolls": {
        "type": "minecraft:uniform",
        "min": 6,
        "max": 12
      },
      "bonus_rolls": 0,
      "entries": [
        {
          "type": "minecraft:item",
          "weight": 4,
          "name": "minecraft:fishing_rod",
          "functions": [
            {
              "function": "minecraft:set_nbt",
              "tag": "{display:{Name:'[{\"text\":\"Rod of the Drowned\",\"italic\":false,\"color\":\"dark_aqua\"}]',Lore:['[{\"text\":\"\",\"italic\":false}]','[{\"text\":\"Ability: Undead Lure\",\"italic\":false,\"color\":\"gold\"},{\"text\":\"\",\"italic\":false,\"color\":\"dark_purple\"}]','[{\"text\":\"Can catch unique sea creatures!\",\"italic\":false,\"color\":\"gray\"},{\"text\":\"\",\"italic\":false,\"color\":\"dark_purple\"}]','[{\"text\":\"-\",\"italic\":false,\"color\":\"dark_gray\"},{\"text\":\"Striker Drowned\",\"color\":\"dark_aqua\"},{\"text\":\"\",\"color\":\"dark_purple\"}]','[{\"text\":\"-\",\"italic\":false,\"color\":\"dark_gray\"},{\"text\":\"Resilient Drowned\",\"color\":\"gray\"},{\"text\":\"\",\"color\":\"dark_purple\"}]','[{\"text\":\"-\",\"italic\":false,\"color\":\"dark_gray\"},{\"text\":\"Experienced Drowned\",\"color\":\"gold\"},{\"text\":\"\",\"color\":\"dark_purple\"}]','[{\"text\":\"\",\"italic\":false,\"color\":\"dark_purple\"}]','[{\"text\":\"RARE FISHING ROD\",\"italic\":false,\"color\":\"dark_aqua\",\"bold\":true}]']},drownedrod:1}"
            },
            {
              "function": "minecraft:set_damage",
              "damage": {
                "type": "minecraft:uniform",
                "min": 0.1,
                "max": 0.8
              }
            }
          ]
        },
        {
          "type": "minecraft:item",
          "weight": 10,
          "name": "minecraft:coal",
          "functions": [
            {
              "function": "minecraft:set_count",
              "count": {
                "type": "minecraft:uniform",
                "min": 1,
                "max": 4
              },
              "add": false
            }
          ]
        },
        {
          "type": "minecraft:item",
          "weight": 2,
          "name": "minecraft:stone_axe"
        },
        {
          "type": "minecraft:item",
          "weight": 5,
          "name": "minecraft:rotten_flesh"
        },
        {
          "type": "minecraft:item",
          "name": "minecraft:emerald"
        },
        {
          "type": "minecraft:item",
          "weight": 10,
          "name": "minecraft:wheat",
          "functions": [
            {
              "function": "minecraft:set_count",
              "count": {
                "type": "minecraft:uniform",
                "min": 2,
                "max": 3
              },
              "add": false
            }
          ]
        }
      ]
    },
    {
      "rolls": 1,
      "bonus_rolls": 0,
      "entries": [
        {
          "type": "minecraft:item",
          "name": "minecraft:leather_chestplate"
        },
        {
          "type": "minecraft:item",
          "name": "minecraft:golden_helmet"
        },
        {
          "type": "minecraft:item",
          "weight": 5,
          "name": "minecraft:fishing_rod",
          "functions": [
            {
              "function": "minecraft:enchant_randomly"
            }
          ]
        },
        {
          "type": "minecraft:item",
          "weight": 5,
          "name": "minecraft:map",
          "functions": [
            {
              "function": "minecraft:exploration_map",
              "decoration": "red_x",
              "zoom": 1,
              "skip_existing_chunks": false
            }
          ]
        }
      ]
    }
  ]
}
