[
  {
    "function": "minecraft:set_lore",
    "lore": [],
    "replace": true
  },
  {
    "function": "minecraft:copy_name",
    "source": "this"
  },
  {
    "function": "minecraft:set_lore",
    "lore": [
      {
        "text": ""
      },
      {
        "text": "Ability: Harness ",
        "color": "gold",
        "italic": false,
        "extra": [
          {
            "text": "SNEAK",
            "color": "yellow",
            "bold": true
          }
        ]
      },
      {
        "text": "When holding a supplement book in",
        "color": "gray",
        "italic": false
      },
      {
        "text": "your offhand, absorb it into",
        "color": "gray",
        "italic": false
      },
      {
        "text": "the sword, gaining buffs.",
        "color": "gray",
        "italic": false
      },
      {
        "text": ""
      }
    ]
  },
  {
    "function": "minecraft:copy_nbt",
    "source": {
      "type": "minecraft:storage",
      "source": "addsupplement:slot1"
    },
    "ops": [
      {
        "source": "slot1",
        "target": "slot1",
        "op": "replace"
      }
    ]
  },
  {
    "function": "minecraft:copy_nbt",
    "source": {
      "type": "minecraft:storage",
      "source": "addsupplement:slot1"
    },
    "ops": [
      {
        "source": "slot2",
        "target": "slot2",
        "op": "replace"
      }
    ]
  },
  {
    "function": "minecraft:copy_nbt",
    "source": {
      "type": "minecraft:storage",
      "source": "addsupplement:slot1"
    },
    "ops": [
      {
        "source": "slot3",
        "target": "slot3",
        "op": "replace"
      }
    ]
  }
]
