[
  {
  "function": "minecraft:set_nbt",
  "tag": "{AttributeModifiers:[]}"
  },
  {
    "function": "minecraft:set_attributes",
    "modifiers": [
      {
        "attribute": "minecraft:generic.attack_damage",
        "name": "",
        "amount": 6,
        "operation": "addition",
        "slot": "mainhand"
      },
      {
        "attribute": "minecraft:generic.attack_speed",
        "name": "",
        "amount": -2.8,
        "operation": "addition",
        "slot": "mainhand"
      }
    ]
  }
]