[
  {
    "function": "minecraft:set_lore",
    "lore": [
      {
        "text": "[Empty]",
        "color": "dark_gray",
        "italic": false
      }
    ],
    "replace": false,
    "conditions": [
      {
        "condition": "minecraft:entity_scores",
        "entity": "this",
        "scores": {
          "supplementid": 0
        }
      }
    ]
  },
  {
    "function": "minecraft:set_lore",
    "lore": [
      {
        "text": "Supplement: Graceful Swim",
        "color": "gold",
        "italic": false
      },
      {
        "text": "Gain ",
        "color": "gray",
        "italic": false,
        "extra": [
          {
            "text": "Dolphin's Grace ",
            "color": "blue",
            "italic": false
          },
          {
            "text": "when",
            "color": "gray",
            "italic": false
          }
        ]
      },
      {
        "text": "submerged within water.",
        "color": "gray",
        "italic": false
      }
    ],
    "conditions": [
      {
        "condition": "minecraft:entity_scores",
        "entity": "this",
        "scores": {
          "supplementid": 1
        }
      }
    ]
  },
  {
    "function": "minecraft:set_attributes",
    "modifiers": [
      {
        "attribute": "minecraft:generic.attack_damage",
        "name": "",
        "amount": 0.8,
        "operation": "addition",
        "slot": "mainhand"
      }
    ],
    "conditions": [
      {
        "condition": "minecraft:entity_scores",
        "entity": "this",
        "scores": {
          "supplementid": 2
        }
      }
    ]
  },
  {
    "function": "minecraft:set_lore",
    "lore": [
      {
        "text": "Supplement: Sharpness",
        "color": "gold",
        "italic": false
      },
      {
        "text": "Grants ",
        "color": "gray",
        "italic": false,
        "extra": [
          {
            "text": "+0.8 ",
            "color": "green",
            "italic": false,
            "extra": [
              {
                "text": "Attack Damage.",
                "color": "gray",
                "italic": false
              }
            ]
          }
        ]
      }
    ],
    "conditions": [
      {
        "condition": "minecraft:entity_scores",
        "entity": "this",
        "scores": {
          "supplementid": 2
        }
      }
    ]
  },
  {
    "function": "minecraft:set_lore",
    "lore": [
      {
        "text": "Supplement: Speed",
        "color": "gold",
        "italic": false
      },
      {
        "text": "Grants ",
        "color": "gray",
        "italic": false,
        "extra": [
          {
            "text": "+10 ",
            "color": "green",
            "italic": false,
            "extra": [
              {
                "text": "Movement Speed.",
                "color": "gray",
                "italic": false
              }
            ]
          }
        ]
      }
    ],
    "conditions": [
      {
        "condition": "minecraft:entity_scores",
        "entity": "this",
        "scores": {
          "supplementid": 3
        }
      }
    ]
  },
  {
    "function": "minecraft:set_attributes",
    "modifiers": [
      {
        "attribute": "minecraft:generic.movement_speed",
        "name": "",
        "amount": 0.01,
        "operation": "addition",
        "slot": "mainhand"
      }
    ],
    "conditions": [
      {
        "condition": "minecraft:entity_scores",
        "entity": "this",
        "scores": {
          "supplementid": 3
        }
      }
    ]
  },
  {
    "function": "minecraft:set_lore",
    "lore": [
      {
        "text": "Supplement: Wither Resistance",
        "color": "gold",
        "italic": false
      },
      {
        "text": "Grants immunity to all",
        "color": "gray",
        "italic": false,
        "extra": [
          {
            "text": " Wither",
            "color": "red",
            "italic": false
          }
        ]
      },
      {
        "text": "potion effects.",
        "color": "gray",
        "italic": false
      }
    ],
    "conditions": [
      {
        "condition": "minecraft:entity_scores",
        "entity": "this",
        "scores": {
          "supplementid": 4
        }
      }
    ]
  },
  {
    "function": "minecraft:set_lore",
    "lore": [
      {
        "text": "Supplement: Attack Speed",
        "color": "gold",
        "italic": false
      },
      {
        "text": "Grants ",
        "color": "gray",
        "italic": false,
        "extra": [
          {
            "text": "+0.3 ",
            "color": "green",
            "italic": false,
            "extra": [
              {
                "text": "Attack Speed.",
                "color": "gray",
                "italic": false
              }
            ]
          }
        ]
      }
    ],
    "conditions": [
      {
        "condition": "minecraft:entity_scores",
        "entity": "this",
        "scores": {
          "supplementid": 5
        }
      }
    ]
  },
  {
    "function": "minecraft:set_attributes",
    "modifiers": [
      {
        "attribute": "minecraft:generic.attack_speed",
        "name": "",
        "amount": 0.3,
        "operation": "addition",
        "slot": "mainhand"
      }
    ],
    "conditions": [
      {
        "condition": "minecraft:entity_scores",
        "entity": "this",
        "scores": {
          "supplementid": 5
        }
      }
    ]
  },
  {
    "function": "minecraft:set_lore",
    "lore": [
      {
        "text": "Supplement: Knockback Resistance",
        "color": "gold",
        "italic": false
      },
      {
        "text": "Grants ",
        "color": "gray",
        "italic": false,
        "extra": [
          {
            "text": "+1 ",
            "color": "dark_gray",
            "italic": false,
            "extra": [
              {
                "text": "Knockback Resistance.",
                "color": "gray",
                "italic": false
              }
            ]
          }
        ]
      }
    ],
    "conditions": [
      {
        "condition": "minecraft:entity_scores",
        "entity": "this",
        "scores": {
          "supplementid": 6
        }
      }
    ]
  },
  {
    "function": "minecraft:set_attributes",
    "modifiers": [
      {
        "attribute": "minecraft:generic.knockback_resistance",
        "name": "",
        "amount": 0.1,
        "operation": "addition",
        "slot": "mainhand"
      }
    ],
    "conditions": [
      {
        "condition": "minecraft:entity_scores",
        "entity": "this",
        "scores": {
          "supplementid": 6
        }
      }
    ]
  },
  {
    "function": "minecraft:set_lore",
    "lore": [
      {
        "text": "Supplement: Float",
        "color": "gold",
        "italic": false,
        "extra": [
          {
            "text": " SNEAK",
            "color": "yellow",
            "italic": false,
            "bold":true
          }
        ]
      },
      {
        "text": "Gain ",
        "color": "gray",
        "italic": false,
        "extra": [
          {
            "text": "Slow Falling",
            "color": "blue",
            "italic": false,
            "extra": [
              {
                "text": ".",
                "color": "gray",
                "italic": false
              }
            ]
          }
        ]
      }
    ],
    "conditions": [
      {
        "condition": "minecraft:entity_scores",
        "entity": "this",
        "scores": {
          "supplementid": 7
        }
      }
    ]
  },
  {
    "function": "minecraft:set_lore",
    "lore": [
      {
        "text": "Supplement: Infernal",
        "color": "gold",
        "italic": false
      },
      {
        "text": "Gain ",
        "color": "gray",
        "italic": false,
        "extra": [
          {
            "text": "Fire Resistance",
            "color": "blue",
            "italic": false,
            "extra": [
              {
                "text": ".",
                "color": "gray",
                "italic": false
              }
            ]
          }
        ]
      }
    ],
    "conditions": [
      {
        "condition": "minecraft:entity_scores",
        "entity": "this",
        "scores": {
          "supplementid": 8
        }
      }
    ]
  },
  {
    "function": "minecraft:set_lore",
    "lore": [
      {
        "text": "Supplement: Resilience",
        "color": "gold",
        "italic": false
      },
      {
        "text": "Gain ",
        "color": "gray",
        "italic": false,
        "extra": [
          {
            "text": "Resistance ",
            "color": "blue",
            "italic": false,
            "extra": [
              {
                "text": " when",
                "color": "gray",
                "italic": false
              }
            ]
          }
        ]
      },
      {
        "text":"below",
        "color": "gray",
        "italic": false,
        "extra": [
          {
            "text": " 10",
            "color": "red",
            "italic": false,
            "extra": [
              {
                "text": " Health.",
                "color": "gray",
                "italic": false
              }
            ]
          }
        ]
      }
    ],
    "conditions": [
      {
        "condition": "minecraft:entity_scores",
        "entity": "this",
        "scores": {
          "supplementid": 9
        }
      }
    ]
  },
  {
    "function": "minecraft:set_lore",
    "lore": [
      {
        "text": ""
      }
    ],
    "replace": false,
    "conditions": [
      {
        "condition": "minecraft:inverted",
        "term": {
          "condition": "minecraft:entity_scores",
          "entity": "this",
          "scores": {
            "supplementid": -1
          }
        }
      }
    ]
  },
  {
    "function": "minecraft:set_lore",
    "lore": [
      {
        "text": "When in Main Hand:",
        "color": "gray",
        "italic": false
      },
      {
        "text": "+6 Attack Damage",
        "color": "green",
        "italic": false
      },
      {
        "text": " 1.2 Attack Speed",
        "color": "dark_green",
        "italic": false
      },
      {
        "text": ""
      },
      {
        "text": "ANCIENT SWORD",
        "color": "light_purple",
        "bold": true,
        "italic": false
      }
    ],
    "replace": false,
    "conditions": [
      {
        "condition": "minecraft:entity_scores",
        "entity": "this",
        "scores": {
          "supplementid": -1
        }
      }
    ]
  }
]
