{
  "type": "minecraft:fishing",
  "pools": [
    {
      "rolls": 1,
      "bonus_rolls": 0,
      "entries": [
        {
          "type": "minecraft:item",
          "weight": 6,
          "name": "minecraft:heart_of_the_sea",
          "functions": [
            {
              "function": "minecraft:set_nbt",
              "tag": "{sc:1,scid:4}"
            }
          ],
          "conditions": [
            {
              "condition": "minecraft:entity_properties",
              "entity": "this",
              "predicate": {
                "location": {
                  "biome": "minecraft:mushroom_fields"
                }
              }
            },
            {
              "condition": "minecraft:match_tool",
              "predicate": {
                "nbt": "{shroomrod:1}"
              }
            }
          ]
        },
        {
          "type": "minecraft:item",
          "weight": 2,
          "name": "minecraft:heart_of_the_sea",
          "functions": [
            {
              "function": "minecraft:set_nbt",
              "tag": "{sc:1,scid:5}"
            }
          ],
          "conditions": [
            {
              "condition": "minecraft:entity_properties",
              "entity": "this",
              "predicate": {
                "location": {
                  "biome": "minecraft:mushroom_fields"
                }
              }
            },
            {
              "condition": "minecraft:match_tool",
              "predicate": {
                "nbt": "{shroomrod:1}"
              }
            }
          ]
        },
        {
          "type": "minecraft:item",
          "weight": 1,
          "name": "minecraft:fishing_rod",
          "functions": [
            {
              "function": "minecraft:set_nbt",
              "tag": "{display:{Name:'[{\"text\":\"Spore Rod\",\"italic\":false,\"color\":\"red\"}]',Lore:['[{\"text\":\"\",\"italic\":false}]','[{\"text\":\"Ability: Shroom Catcher\",\"italic\":false,\"color\":\"gold\"},{\"text\":\"\",\"italic\":false,\"color\":\"dark_purple\"}]','[{\"text\":\"Can catch unique drops!\",\"italic\":false,\"color\":\"gray\"},{\"text\":\"\",\"italic\":false,\"color\":\"dark_purple\"}]','[{\"text\":\"-\",\"italic\":false,\"color\":\"dark_gray\"},{\"text\":\"Red Mushroom \",\"color\":\"white\"},{\"text\":\"x10-30\"},{\"text\":\"\",\"color\":\"dark_purple\"}]','[{\"text\":\"-\",\"italic\":false,\"color\":\"dark_gray\"},{\"text\":\"Brown Mushroom \",\"color\":\"white\"},{\"text\":\"x10-30\"},{\"text\":\"\",\"color\":\"dark_purple\"}]','[{\"text\":\"Can catch unique sea creatures!\",\"italic\":false,\"color\":\"gray\"},{\"text\":\"\",\"italic\":false,\"color\":\"dark_purple\"}]','[{\"text\":\"-\",\"italic\":false,\"color\":\"dark_gray\"},{\"text\":\"Spore Master\",\"color\":\"red\"},{\"text\":\"\",\"color\":\"dark_purple\"}]','[{\"text\":\"-\",\"italic\":false,\"color\":\"dark_gray\"},{\"text\":\"Shroom Rider\",\"color\":\"gold\"},{\"text\":\"\",\"color\":\"dark_purple\"}]','[{\"text\":\"(Requires biome: Mushroom Fields)\",\"italic\":false,\"color\":\"dark_gray\"},{\"text\":\"\",\"italic\":false,\"color\":\"dark_purple\"}]','[{\"text\":\"\",\"italic\":false,\"color\":\"dark_purple\"}]','[{\"text\":\"SCARCE FISHING ROD\",\"italic\":false,\"color\":\"red\",\"bold\":true}]']},shroomrod:1}"
            }
          ],
          "conditions": [
            {
              "condition": "minecraft:entity_properties",
              "entity": "this",
              "predicate": {
                "location": {
                  "biome": "minecraft:mushroom_fields"
                }
              }
            }
          ]
        },
        {
          "type": "minecraft:item",
          "weight": 20,
          "name": "minecraft:red_mushroom",
          "functions": [
            {
              "function": "minecraft:set_count",
              "count": {
                "type": "minecraft:uniform",
                "min": 10,
                "max": 30
              }
            }
          ],
          "conditions": [
            {
              "condition": "minecraft:entity_properties",
              "entity": "this",
              "predicate": {
                "location": {
                  "biome": "minecraft:mushroom_fields"
                }
              }
            },
            {
              "condition": "minecraft:match_tool",
              "predicate": {
                "nbt": "{shroomrod:1}"
              }
            }
          ]
        },
        {
          "type": "minecraft:item",
          "weight": 20,
          "name": "minecraft:red_mushroom",
          "functions": [
            {
              "function": "minecraft:set_count",
              "count": {
                "type": "minecraft:uniform",
                "min": 10,
                "max": 30
              }
            }
          ],
          "conditions": [
            {
              "condition": "minecraft:entity_properties",
              "entity": "this",
              "predicate": {
                "location": {
                  "biome": "minecraft:mushroom_fields"
                }
              }
            },
            {
              "condition": "minecraft:match_tool",
              "predicate": {
                "nbt": "{shroomrod:1}"
              }
            }
          ]
        },
        {
          "type": "minecraft:item",
          "weight": 6,
          "name": "minecraft:heart_of_the_sea",
          "functions": [
            {
              "function": "minecraft:set_nbt",
              "tag": "{sc:1,scid:1}"
            }
          ],
          "conditions": [
            {
              "condition": "minecraft:match_tool",
              "predicate": {
                "nbt": "{drownedrod:1}"
              }
            }
          ]
        },
        {
          "type": "minecraft:item",
          "weight": 6,
          "name": "minecraft:heart_of_the_sea",
          "functions": [
            {
              "function": "minecraft:set_nbt",
              "tag": "{sc:1,scid:2}"
            }
          ],
          "conditions": [
            {
              "condition": "minecraft:match_tool",
              "predicate": {
                "nbt": "{drownedrod:1}"
              }
            }
          ]
        },
        {
          "type": "minecraft:item",
          "weight": 6,
          "name": "minecraft:heart_of_the_sea",
          "functions": [
            {
              "function": "minecraft:set_nbt",
              "tag": "{sc:1,scid:3}"
            }
          ],
          "conditions": [
            {
              "condition": "minecraft:match_tool",
              "predicate": {
                "nbt": "{drownedrod:1}"
              }
            }
          ]
        },
        {
          "type": "minecraft:item",
          "weight": 60,
          "name": "minecraft:cod"
        },
        {
          "type": "minecraft:item",
          "weight": 25,
          "name": "minecraft:salmon"
        },
        {
          "type": "minecraft:item",
          "weight": 2,
          "name": "minecraft:tropical_fish"
        },
        {
          "type": "minecraft:item",
          "weight": 13,
          "name": "minecraft:pufferfish"
        }
      ]
    }
  ]
}
