[
    {
      "function": "minecraft:set_nbt",
      "tag": "{AttributeModifiers:[]}"
    },
    {
      "function": "minecraft:set_attributes",
      "modifiers": [
        {
          "attribute": "minecraft:generic.armor_toughness",
          "name": "",
          "amount": 3,
          "operation": "addition",
          "slot": "feet"
        },
        {
          "attribute": "minecraft:generic.movement_speed",
          "name": "",
          "amount": -0.02,
          "operation": "addition",
          "slot": "feet"
        }
      ],
      "conditions": [
        {
          "condition": "minecraft:entity_properties",
          "entity": "this",
          "predicate": {
            "nbt": "{OnGround:0b}"
          }
        }
      ]
    },
    {
      "function": "minecraft:set_attributes",
      "modifiers": [
        {
          "attribute": "minecraft:generic.attack_damage",
          "name": "",
          "amount": 0.5,
          "operation": "addition",
          "slot": "feet"
        },
        {
          "attribute": "minecraft:generic.movement_speed",
          "name": "",
          "amount": -0.02,
          "operation": "addition",
          "slot": "feet"
        },
        {
          "attribute": "minecraft:generic.knockback_resistance",
          "name": "",
          "amount": 0.4,
          "operation": "addition",
          "slot": "feet"
        },
        {
          "attribute": "minecraft:generic.armor",
          "name": "",
          "amount": 3,
          "operation": "addition",
          "slot": "feet"
        },
        {
          "attribute": "minecraft:generic.armor_toughness",
          "name": "",
          "amount": 3,
          "operation": "addition",
          "slot": "feet"
        }
      ],
      "conditions": [
        {
          "condition": "minecraft:entity_properties",
          "entity": "this",
          "predicate": {
            "nbt": "{OnGround:1b}"
          }
        }
      ]
    }
  ]
  