[
  {
    "function": "minecraft:copy_nbt",
    "source": "this",
    "ops": []
  },
  {
    "function": "minecraft:set_nbt",
    "tag": "{ChargedProjectiles:[{id:\"minecraft:tipped_arrow\",Count:1b,tag:{display:{Name:'[{\"text\":\"Torch Arrow\",\"italic\":false}]'},CustomPotionColor:16701501}}]}",
    "conditions": [
      {
        "condition": "minecraft:entity_properties",
        "entity": "this",
        "predicate": {
          "nbt": "{Inventory:[{id:\"minecraft:torch\"}]}"
        }
      }
    ]
  }
]
