{
  "type": "minecraft:block",
  "pools": [
    {
      "rolls": 1,
      "entries": [
        {
          "type": "minecraft:item",
          "name": "minecraft:beetroot_seeds",
          "functions": [
            {
              "function": "minecraft:set_nbt",
              "tag": "{beetrootseed:1,seed:1}"
            }
          ],
          "conditions": [
            {
              "condition": "minecraft:reference",
              "name": "main:replenish"
            }
          ]
        }
      ]
    },
    {
      "rolls": 1,
      "bonus_rolls": 0,
      "entries": [
        {
          "type": "minecraft:alternatives",
          "children": [
            {
              "type": "minecraft:item",
              "name": "minecraft:beetroot",
              "functions": [
                {
                  "function": "minecraft:set_count",
                  "count": {
                    "type": "minecraft:uniform",
                    "min": 3,
                    "max": 5
                  }
                },
                {
                  "function": "minecraft:apply_bonus",
                  "enchantment": "minecraft:fortune",
                  "formula": "minecraft:binomial_with_bonus_count",
                  "parameters": {
                    "extra": 3,
                    "probability": 0.5
                  }
                }
              ],
              "conditions": [
                {
                  "condition": "minecraft:block_state_property",
                  "block": "minecraft:beetroots",
                  "properties": {
                    "age": "3"
                  }
                }
              ]
            },
            {
              "type": "minecraft:item",
              "name": "minecraft:beetroot_seeds",
              "conditions": [
                {
                  "condition": "minecraft:inverted",
                  "term": {
                    "condition": "minecraft:reference",
                    "name": "main:replenish"
                  }
                }
              ]
            }
          ]
        }
      ]
    },
    {
      "rolls": 1,
      "bonus_rolls": 0,
      "entries": [
        {
          "type": "minecraft:item",
          "name": "minecraft:beetroot_seeds",
          "functions": [
            {
              "function": "minecraft:apply_bonus",
              "enchantment": "minecraft:fortune",
              "formula": "minecraft:binomial_with_bonus_count",
              "parameters": {
                "extra": 3,
                "probability": 0.5714286
              }
            }
          ]
        }
      ],
      "conditions": [
        {
          "condition": "minecraft:block_state_property",
          "block": "minecraft:beetroots",
          "properties": {
            "age": "3"
          }
        }
      ]
    }
  ],
  "functions": [
    {
      "function": "minecraft:explosion_decay"
    }
  ]
}
