{
  "type": "minecraft:block",
  "pools": [
    {
      "rolls": 1,
      "entries": [
        {
          "type": "minecraft:item",
          "name": "minecraft:nether_wart"
        }
      ],
      "functions": [
        {
          "function": "minecraft:set_nbt",
          "tag": "{wartseed:1,seed:1}"
        }
      ],
      "conditions": [
        {
          "condition": "minecraft:reference",
          "name": "main:replenish"
        }
      ]
    },
    {
      "rolls": 1,
      "bonus_rolls": 0,
      "entries": [
        {
          "type": "minecraft:item",
          "name": "minecraft:nether_wart",
          "functions": [
            {
              "function": "minecraft:set_count",
              "count": {
                "type": "minecraft:uniform",
                "min": 2,
                "max": 4
              },
              "add": false
            },
            {
              "function": "minecraft:apply_bonus",
              "enchantment": "minecraft:fortune",
              "formula": "minecraft:uniform_bonus_count",
              "parameters": {
                "bonusMultiplier": 1
              }
            }
          ],
          "conditions": [
            {
              "condition": "minecraft:block_state_property",
              "block": "minecraft:nether_wart",
              "properties": {
                "age": "3"
              }
            }
          ]
        }
      ],
      "functions": [
        {
          "function": "minecraft:explosion_decay"
        }
      ]
    },
    {
      "rolls": 1,
      "entries": [
        {
          "type": "minecraft:item",
          "name": "minecraft:nether_wart",
          "conditions": [
            {
              "condition": "minecraft:inverted",
              "term": {
                "condition": "minecraft:reference",
                "name": "main:replenish"
              }
            }
          ]
        }
      ]
    }
  ]
}
