{
  "type": "minecraft:block",
  "pools": [
    {
      "rolls": 1,
      "entries": [
        {
          "type": "minecraft:item",
          "name": "minecraft:potato",
          "functions": [
            {
              "function": "minecraft:set_nbt",
              "tag": "{potatoseed:1,seed:1}"
            }
          ],
          "conditions": [
            {
              "condition": "minecraft:reference",
              "name": "main:replenish"
            }
          ]
        }
      ]
    },
    {
      "rolls": 1,
      "bonus_rolls": 0,
      "entries": [
        {
          "type": "minecraft:item",
          "name": "minecraft:potato",
          "conditions": [
            {
              "condition": "minecraft:inverted",
              "term": {
                "condition": "minecraft:reference",
                "name": "main:replenish"
              }
            }
          ]
        }
      ]
    },
    {
      "rolls": 1,
      "bonus_rolls": 0,
      "entries": [
        {
          "type": "minecraft:item",
          "name": "minecraft:potato",
          "functions": [
            {
              "function": "minecraft:apply_bonus",
              "enchantment": "minecraft:fortune",
              "formula": "minecraft:binomial_with_bonus_count",
              "parameters": {
                "extra": 3,
                "probability": 0.5714286
              }
            }
          ]
        }
      ],
      "conditions": [
        {
          "condition": "minecraft:block_state_property",
          "block": "minecraft:potatoes",
          "properties": {
            "age": "7"
          }
        }
      ]
    },
    {
      "rolls": 1,
      "bonus_rolls": 0,
      "entries": [
        {
          "type": "minecraft:item",
          "name": "minecraft:poisonous_potato",
          "conditions": [
            {
              "condition": "minecraft:random_chance",
              "chance": 0.02
            },
            {
              "condition": "minecraft:inverted",
              "term": {
                "condition": "minecraft:reference",
                "name": "main:replenish"
              }
            }
          ]
        }
      ],
      "conditions": [
        {
          "condition": "minecraft:block_state_property",
          "block": "minecraft:potatoes",
          "properties": {
            "age": "7"
          }
        }
      ]
    }
  ],
  "functions": [
    {
      "function": "minecraft:explosion_decay"
    }
  ]
}
